index	IDX_1EE1614B794BBE89	CREATE INDEX IDX_1EE1614B794BBE89 ON anime_genres (anime_id)
index	IDX_2C2AD578446F285F	CREATE INDEX IDX_2C2AD578446F285F ON anime_studios (studio_id)
index	IDX_2C2AD578794BBE89	CREATE INDEX IDX_2C2AD578794BBE89 ON anime_studios (anime_id)
index	IDX_3DB864C33B92F39	CREATE INDEX IDX_3DB864C33B92F39 ON anime_labels (label_id)
index	IDX_3DB864C794BBE89	CREATE INDEX IDX_3DB864C794BBE89 ON anime_labels (anime_id)
index	IDX_4214C246794BBE89	CREATE INDEX IDX_4214C246794BBE89 ON anime_sync_state (anime_id)
index	IDX_466FADA0794BBE89	CREATE INDEX IDX_466FADA0794BBE89 ON pending_sync_push (anime_id)
index	IDX_82C5714E794BBE89	CREATE INDEX IDX_82C5714E794BBE89 ON anime_external_id (anime_id)
index	IDX_A348B683794BBE89	CREATE INDEX IDX_A348B683794BBE89 ON anime_themes (anime_id)
index	IDX_ANIME_IMAGE_ANIME	CREATE INDEX IDX_ANIME_IMAGE_ANIME ON anime_image (anime_id)
index	IDX_ANIME_NAME_ANIME	CREATE INDEX IDX_ANIME_NAME_ANIME ON anime_name (anime_id)
index	IDX_ANIME_NAME_NORMALIZED_NAME	CREATE INDEX IDX_ANIME_NAME_NORMALIZED_NAME ON anime_name (normalized_name)
index	IDX_ANIME_NORMALIZED_TITLE	CREATE INDEX IDX_ANIME_NORMALIZED_TITLE ON anime (normalized_title)
index	IDX_ANIME_SOURCE_ANIME	CREATE INDEX IDX_ANIME_SOURCE_ANIME ON anime_source (anime_id)
index	IDX_ANIME_STORAGE	CREATE INDEX IDX_ANIME_STORAGE ON anime (storage_id)
index	IDX_DOWNLOAD_ANIME	CREATE INDEX IDX_DOWNLOAD_ANIME ON downloads (anime_id)
index	IDX_DOWNLOAD_STORAGE	CREATE INDEX IDX_DOWNLOAD_STORAGE ON downloads (storage_id)
index	IDX_DOWNLOAD_TARGET_STORAGE	CREATE INDEX IDX_DOWNLOAD_TARGET_STORAGE ON downloads (target_storage_id)
index	IDX_SYNC_REVIEW_ITEM_RESOLVED_AT	CREATE INDEX IDX_SYNC_REVIEW_ITEM_RESOLVED_AT ON sync_review_item (resolved_at)
index	UNIQ_ANIME_DESCRIPTION_ANIME_LOCALE	CREATE UNIQUE INDEX UNIQ_ANIME_DESCRIPTION_ANIME_LOCALE ON anime_description (anime_id, locale)
index	UNIQ_ANIME_EXTERNAL_ID_PLUGIN_EXTERNAL	CREATE UNIQUE INDEX UNIQ_ANIME_EXTERNAL_ID_PLUGIN_EXTERNAL ON anime_external_id (plugin_id, external_id)
index	UNIQ_ANIME_PLUGIN_DATA_ANIME_PLUGIN	CREATE UNIQUE INDEX UNIQ_ANIME_PLUGIN_DATA_ANIME_PLUGIN ON anime_plugin_data (anime_id, plugin_id)
index	UNIQ_ANIME_STORAGE_STORAGE_PATH	CREATE UNIQUE INDEX UNIQ_ANIME_STORAGE_STORAGE_PATH ON anime (storage_id, storage_path)
index	uniq_download_infohash	CREATE UNIQUE INDEX uniq_download_infohash ON downloads (info_hash)
table	anime	CREATE TABLE "anime" ( id INTEGER PRIMARY KEY AUTOINCREMENT NOT NULL, title VARCHAR(256) NOT NULL, date_premiere INTEGER DEFAULT NULL, date_end INTEGER DEFAULT NULL, duration_minutes INTEGER DEFAULT NULL, episodes_count INTEGER DEFAULT NULL, watched_episodes INTEGER DEFAULT NULL, watch_status VARCHAR(16) NOT NULL CHECK (watch_status IN ('plan', 'watching', 'completed', 'dropped', 'on_hold')), user_rating INTEGER DEFAULT NULL, notes CLOB DEFAULT NULL, type VARCHAR(16) NOT NULL CHECK (type IN ('tv', 'movie', 'ova', 'ona', 'special', 'music')), countries CLOB DEFAULT NULL, cover VARCHAR(256) DEFAULT NULL, storage_id INTEGER DEFAULT NULL, date_add INTEGER NOT NULL, date_update INTEGER NOT NULL, storage_path VARCHAR(1024) DEFAULT NULL, normalized_title VARCHAR(256) NOT NULL DEFAULT '', demographic VARCHAR(16) DEFAULT NULL CHECK (demographic IS NULL OR demographic IN ('shounen', 'shoujo', 'seinen', 'josei', 'kids')), watch_progress_updated_at INTEGER DEFAULT NULL, watch_progress_rejected_at INTEGER DEFAULT NULL, files_checked_at INTEGER DEFAULT NULL, CHECK (date_end IS NULL OR date_premiere IS NULL OR date_end >= date_premiere), CONSTRAINT FK_ANIME_STORAGE FOREIGN KEY (storage_id) REFERENCES storage (id) ON DELETE SET NULL NOT DEFERRABLE INITIALLY IMMEDIATE )
table	anime_description	CREATE TABLE anime_description ( id INTEGER PRIMARY KEY AUTOINCREMENT NOT NULL, anime_id INTEGER NOT NULL, locale VARCHAR(8) NOT NULL, description CLOB NOT NULL, CONSTRAINT FK_ANIME_DESCRIPTION_ANIME FOREIGN KEY (anime_id) REFERENCES anime (id) ON DELETE CASCADE NOT DEFERRABLE INITIALLY IMMEDIATE )
table	anime_external_id	CREATE TABLE anime_external_id ( anime_id INTEGER NOT NULL, plugin_id VARCHAR(64) NOT NULL, external_id VARCHAR(255) NOT NULL, PRIMARY KEY (anime_id, plugin_id), CONSTRAINT FK_ANIME_EXTERNAL_ID_ANIME FOREIGN KEY (anime_id) REFERENCES anime (id) ON DELETE CASCADE NOT DEFERRABLE INITIALLY IMMEDIATE )
table	anime_fts	CREATE VIRTUAL TABLE anime_fts USING fts5(name, anime_id UNINDEXED)
table	anime_genres	CREATE TABLE "anime_genres" ( anime_id INTEGER NOT NULL, genre_code VARCHAR(32) NOT NULL CHECK (genre_code IN ( 'action', 'adventure', 'avant-garde', 'award-winning', 'boys-love', 'comedy', 'drama', 'fantasy', 'girls-love', 'gourmet', 'horror', 'mystery', 'romance', 'sci-fi', 'slice-of-life', 'sports', 'supernatural', 'suspense' )), PRIMARY KEY (anime_id, genre_code), CONSTRAINT FK_ANIME_GENRES_ANIME FOREIGN KEY (anime_id) REFERENCES anime (id) ON DELETE CASCADE NOT DEFERRABLE INITIALLY IMMEDIATE )
table	anime_image	CREATE TABLE anime_image ( id INTEGER PRIMARY KEY AUTOINCREMENT NOT NULL, anime_id INTEGER NOT NULL, source VARCHAR(256) NOT NULL, CONSTRAINT FK_ANIME_IMAGE_ANIME FOREIGN KEY (anime_id) REFERENCES anime (id) ON DELETE CASCADE NOT DEFERRABLE INITIALLY IMMEDIATE )
table	anime_labels	CREATE TABLE anime_labels ( anime_id INTEGER NOT NULL, label_id INTEGER NOT NULL, PRIMARY KEY (anime_id, label_id), CONSTRAINT FK_ANIME_LABELS_ANIME FOREIGN KEY (anime_id) REFERENCES anime (id) ON DELETE CASCADE NOT DEFERRABLE INITIALLY IMMEDIATE, CONSTRAINT FK_ANIME_LABELS_LABEL FOREIGN KEY (label_id) REFERENCES label (id) ON DELETE CASCADE NOT DEFERRABLE INITIALLY IMMEDIATE )
table	anime_name	CREATE TABLE "anime_name" ( id INTEGER PRIMARY KEY AUTOINCREMENT NOT NULL, anime_id INTEGER NOT NULL, name VARCHAR(256) NOT NULL, normalized_name VARCHAR(256) NOT NULL DEFAULT '', locale VARCHAR(16) DEFAULT NULL, role VARCHAR(16) NOT NULL CHECK (role IN ('official', 'synonym', 'short')), CONSTRAINT FK_ANIME_NAME_ANIME FOREIGN KEY (anime_id) REFERENCES anime (id) ON DELETE CASCADE NOT DEFERRABLE INITIALLY IMMEDIATE )
table	anime_plugin_data	CREATE TABLE anime_plugin_data ( id INTEGER PRIMARY KEY AUTOINCREMENT NOT NULL, anime_id INTEGER NOT NULL, plugin_id VARCHAR(128) NOT NULL, payload CLOB NOT NULL, version INTEGER NOT NULL DEFAULT 1, FOREIGN KEY (anime_id) REFERENCES anime (id) ON DELETE CASCADE )
table	anime_source	CREATE TABLE anime_source ( id INTEGER PRIMARY KEY AUTOINCREMENT NOT NULL, anime_id INTEGER NOT NULL, url VARCHAR(512) NOT NULL, CONSTRAINT FK_ANIME_SOURCE_ANIME FOREIGN KEY (anime_id) REFERENCES anime (id) ON DELETE CASCADE NOT DEFERRABLE INITIALLY IMMEDIATE )
table	anime_studios	CREATE TABLE anime_studios ( anime_id INTEGER NOT NULL, studio_id INTEGER NOT NULL, PRIMARY KEY (anime_id, studio_id), CONSTRAINT FK_ANIME_STUDIOS_ANIME FOREIGN KEY (anime_id) REFERENCES anime (id) ON DELETE CASCADE NOT DEFERRABLE INITIALLY IMMEDIATE, CONSTRAINT FK_ANIME_STUDIOS_STUDIO FOREIGN KEY (studio_id) REFERENCES studio (id) ON DELETE RESTRICT NOT DEFERRABLE INITIALLY IMMEDIATE )
table	anime_sync_state	CREATE TABLE anime_sync_state ( anime_id INTEGER NOT NULL, participant_id VARCHAR(64) NOT NULL, last_status VARCHAR(16) NOT NULL, last_watched_episodes INTEGER DEFAULT NULL, last_updated_at INTEGER NOT NULL, push_pending BOOLEAN DEFAULT 0 NOT NULL, PRIMARY KEY (anime_id, participant_id), CONSTRAINT FK_ANIME_SYNC_STATE_ANIME FOREIGN KEY (anime_id) REFERENCES anime (id) ON DELETE CASCADE NOT DEFERRABLE INITIALLY IMMEDIATE )
table	anime_themes	CREATE TABLE "anime_themes" ( anime_id INTEGER NOT NULL, theme_code VARCHAR(32) NOT NULL CHECK (theme_code IN ( 'adult-cast', 'anthropomorphic', 'cgdct', 'childcare', 'combat-sports', 'crossdressing', 'delinquents', 'detective', 'educational', 'gag-humor', 'gore', 'harem', 'high-stakes-game', 'historical', 'idols-female', 'idols-male', 'isekai', 'iyashikei', 'love-polygon', 'love-status-quo', 'magical-sex-shift', 'mahou-shoujo', 'martial-arts', 'mecha', 'medical', 'military', 'music', 'mythology', 'organized-crime', 'otaku-culture', 'parody', 'performing-arts', 'pets', 'psychological', 'racing', 'reincarnation', 'reverse-harem', 'samurai', 'school', 'showbiz', 'space', 'strategy-game', 'super-power', 'survival', 'team-sports', 'time-travel', 'urban-fantasy', 'vampire', 'video-game', 'villainess', 'visual-arts', 'workplace' )), PRIMARY KEY (anime_id, theme_code), CONSTRAINT FK_ANIME_THEMES_ANIME FOREIGN KEY (anime_id) REFERENCES anime (id) ON DELETE CASCADE NOT DEFERRABLE INITIALLY IMMEDIATE )
table	doctrine_migration_versions	CREATE TABLE doctrine_migration_versions (version VARCHAR(191) NOT NULL, executed_at DATETIME DEFAULT NULL, execution_time INTEGER DEFAULT NULL, PRIMARY KEY (version))
table	downloads	CREATE TABLE downloads ( id INTEGER PRIMARY KEY AUTOINCREMENT NOT NULL, info_hash VARCHAR(40) NOT NULL, anime_id INTEGER NOT NULL, status VARCHAR(16) NOT NULL, date_add INTEGER NOT NULL, storage_id INTEGER DEFAULT NULL REFERENCES storage (id) ON DELETE SET NULL, storage_path VARCHAR(1024) DEFAULT NULL, version INTEGER DEFAULT 1 NOT NULL, target_storage_id INTEGER DEFAULT NULL REFERENCES storage (id) ON DELETE SET NULL, failure_reason VARCHAR(32) DEFAULT NULL, move_attempts INTEGER DEFAULT 0 NOT NULL, CONSTRAINT FK_DOWNLOAD_ANIME FOREIGN KEY (anime_id) REFERENCES anime (id) ON DELETE CASCADE NOT DEFERRABLE INITIALLY IMMEDIATE )
table	label	CREATE TABLE label ( id INTEGER PRIMARY KEY AUTOINCREMENT NOT NULL, name VARCHAR(32) NOT NULL )
table	pending_sync_push	CREATE TABLE pending_sync_push ( anime_id INTEGER NOT NULL, participant_id VARCHAR(64) NOT NULL, PRIMARY KEY (anime_id, participant_id), CONSTRAINT FK_PENDING_SYNC_PUSH_ANIME FOREIGN KEY (anime_id) REFERENCES anime (id) ON DELETE CASCADE NOT DEFERRABLE INITIALLY IMMEDIATE )
table	storage	CREATE TABLE storage ( id INTEGER PRIMARY KEY AUTOINCREMENT NOT NULL, name VARCHAR(256) NOT NULL, type VARCHAR(16) NOT NULL CHECK (type IN ('folder', 'external', 'external-r', 'video')), path VARCHAR(1024) NOT NULL, date_update INTEGER DEFAULT NULL, file_modified INTEGER DEFAULT NULL )
table	studio	CREATE TABLE studio ( id INTEGER PRIMARY KEY AUTOINCREMENT NOT NULL, name VARCHAR(256) NOT NULL )
table	sync_review_item	CREATE TABLE sync_review_item ( id INTEGER PRIMARY KEY AUTOINCREMENT NOT NULL, kind VARCHAR(32) NOT NULL, payload CLOB NOT NULL, created_at INTEGER NOT NULL, resolved_at INTEGER DEFAULT NULL )
trigger	anime_fts_ad_anime	CREATE TRIGGER anime_fts_ad_anime AFTER DELETE ON anime BEGIN DELETE FROM anime_fts WHERE rowid = old.id; END
trigger	anime_fts_ad_anime_name	CREATE TRIGGER anime_fts_ad_anime_name AFTER DELETE ON anime_name BEGIN DELETE FROM anime_fts WHERE rowid = -old.id; END
trigger	anime_fts_ai_anime	CREATE TRIGGER anime_fts_ai_anime AFTER INSERT ON anime BEGIN INSERT INTO anime_fts(rowid, anime_id, name) VALUES (new.id, new.id, new.title); END
trigger	anime_fts_ai_anime_name	CREATE TRIGGER anime_fts_ai_anime_name AFTER INSERT ON anime_name BEGIN INSERT INTO anime_fts(rowid, anime_id, name) VALUES (-new.id, new.anime_id, new.name); END
trigger	anime_fts_au_anime	CREATE TRIGGER anime_fts_au_anime AFTER UPDATE OF title ON anime BEGIN UPDATE anime_fts SET name = new.title WHERE rowid = new.id; END
trigger	anime_fts_au_anime_name	CREATE TRIGGER anime_fts_au_anime_name AFTER UPDATE OF name ON anime_name BEGIN UPDATE anime_fts SET name = new.name WHERE rowid = -new.id; END
